{"Accuracy": 0.9913561847988077, "f1-score": 0.9913526582664537, "Precision": 0.9914604486168208, "Recall": 0.9913561847988077}