{"Accuracy": 0.9977740678909294, "f1-score": 0.997774566899612, "Precision": 0.9977833944221125, "Recall": 0.9977740678909294}