{"Accuracy": 0.9981245813797722, "f1-score": 0.9981247914791073, "Precision": 0.9981483939249894, "Recall": 0.9981245813797722}