{"Accuracy": 0.998330550918197, "f1-score": 0.9983308734572834, "Precision": 0.9983359017165362, "Recall": 0.998330550918197}