{"Accuracy": 0.28975217682518417, "f1-score": 0.2382309567022311, "Precision": 0.34844110924009886, "Recall": 0.28975217682518417}