{"Accuracy": 0.9067064083457526, "f1-score": 0.8994657467866671, "Precision": 0.9214792980637182, "Recall": 0.9067064083457526}