{"Accuracy": 0.9994617868675996, "f1-score": 0.9994621226422158, "Precision": 0.9994709091240809, "Recall": 0.9994617868675996}