{"Accuracy": 0.9985264567983925, "f1-score": 0.9985276960432934, "Precision": 0.9985452521368735, "Recall": 0.9985264567983925}