{"Accuracy": 0.996232508073197, "f1-score": 0.9962209774494253, "Precision": 0.9964143368341432, "Recall": 0.996232508073197}