{"Accuracy": 0.8124652198107958, "f1-score": 0.7464081818965992, "Precision": 0.6938759145074231, "Recall": 0.8124652198107958}