{"Accuracy": 0.9081967213114754, "f1-score": 0.9046610421736834, "Precision": 0.9224780241522451, "Recall": 0.9081967213114754}