{"Accuracy": 0.992548435171386, "f1-score": 0.99255307427198, "Precision": 0.9926499490186671, "Recall": 0.992548435171386}