{"Accuracy": 0.8096828046744574, "f1-score": 0.7465679225031896, "Precision": 0.7055745079826469, "Recall": 0.8096828046744574}