{"Accuracy": 0.2703281982585399, "f1-score": 0.2846262274928872, "Precision": 0.4737309640171966, "Recall": 0.2703281982585399}