{"Accuracy": 0.4155391828533155, "f1-score": 0.348733575504589, "Precision": 0.3994974181319269, "Recall": 0.4155391828533155}