{"Accuracy": 0.8113522537562604, "f1-score": 0.7478785052386772, "Precision": 0.6991378221938759, "Recall": 0.8113522537562604}