{"Accuracy": 0.9994617868675996, "f1-score": 0.9994622469695738, "Precision": 0.9994713978163924, "Recall": 0.9994617868675996}